timestamp,event_id,user_id,action,table_name,ip_address,session_id,device_id,device_type,location,voltage,current,power_factor,frequency,temperature,load,is_suspicious,threat_level,attack_type,attack_category,attack_description,indicators,confidence_score
2025-10-24T09:52:44.533331,EVT_000175,user_37,WRITE,usage_patterns,10.5.250.62,normal_3200219,SM_0033,smart_meters,Zone_D,212.67,3.34,0.99,49.51,67.5,11.74,False,low,,,Normal operation,normal_pattern,0.98
2025-10-24T00:52:44.533109,EVT_000164,user_17,WRITE,meter_readings,10.4.132.225,normal_8382436,SM_0079,smart_meters,Zone_C,224.53,1.12,0.87,49.53,71.2,2.59,False,low,,,Normal operation,normal_pattern,0.96
2025-10-24T01:52:44.530492,EVT_000038,user_45,UPDATE,device_status,10.0.57.25,normal_2913230,SM_0084,smart_meters,Zone_C,226.76,17.07,0.75,49.88,35.7,12.78,False,medium,,,Normal operation,normal_pattern,0.93
2025-10-24T04:52:44.532022,EVT_000111,user_21,WRITE,meter_readings,10.4.97.88,normal_6041228,SE_0010,sensors,Zone_A,230.92,6.37,0.84,49.77,65.3,0.71,False,low,,,Normal operation,normal_pattern,0.92
2025-10-23T22:52:44.530599,EVT_000043,user_33,READ,meter_readings,10.1.237.223,normal_4221682,TR_0031,transformers,Zone_B,221.49,12.91,0.83,49.97,50.8,5.74,False,low,,,Normal operation,normal_pattern,0.91
2025-10-24T01:52:44.531644,EVT_000093,user_15,UPDATE,sensor_data,10.4.59.86,normal_7345530,SE_0032,sensors,Zone_C,223.09,7.48,0.68,49.76,58.6,2.5,False,low,,,Normal operation,normal_pattern,0.96
2025-10-24T15:52:44.534630,EVT_000238,user_30,WRITE,sensor_data,10.0.18.36,normal_1434304,SM_0079,smart_meters,Zone_A,237.15,18.57,0.95,49.66,26.3,5.18,False,medium,,,Normal operation,normal_pattern,0.94
2025-10-24T08:52:44.533664,EVT_000191,user_44,READ,usage_patterns,10.5.220.69,normal_2101204,CO_0053,controllers,Zone_B,242.33,17.43,0.94,50.5,40.0,11.68,False,medium,,,Normal operation,normal_pattern,0.94
2025-10-24T00:52:44.535510,EVT_000288,admin_001,DELETE,payment_info,192.168.251.98,suspicious_2641814,SE_0068,sensors,Dark_Web,180.72,28.82,0.85,49.52,48.1,5.93,True,high,Data Exfiltration,data_exfiltration,Unauthorized data extraction,"multiple_queries,unusual_access,after_hours",0.86
2025-10-24T15:52:44.532635,EVT_000141,user_6,UPDATE,usage_patterns,10.1.232.69,normal_7892110,SE_0057,sensors,Zone_D,234.57,13.51,0.69,49.88,57.6,2.61,False,low,,,Normal operation,normal_pattern,0.94
2025-10-24T00:52:44.533644,EVT_000190,user_4,READ,sensor_data,10.2.243.180,normal_5466687,SE_0009,sensors,Zone_C,222.52,18.6,0.83,49.95,54.5,1.82,False,low,,,Normal operation,normal_pattern,0.98
2025-10-24T15:52:44.530429,EVT_000035,user_31,WRITE,meter_readings,10.1.181.88,normal_8786455,TR_0084,transformers,Zone_D,230.21,5.12,0.64,50.1,72.9,6.09,False,medium,,,Normal operation,normal_pattern,0.91
2025-10-23T21:52:44.531747,EVT_000098,user_5,WRITE,usage_patterns,10.1.193.179,normal_1637930,SM_0030,smart_meters,Zone_A,239.56,1.14,0.93,50.18,22.6,8.44,False,medium,,,Normal operation,normal_pattern,0.98
2025-10-24T03:52:44.532103,EVT_000115,user_13,READ,device_status,10.5.119.29,normal_4683922,CO_0080,controllers,Zone_B,238.24,10.69,0.97,49.89,47.5,10.89,False,medium,,,Normal operation,normal_pattern,0.97
2025-10-24T18:52:44.530470,EVT_000037,user_31,READ,usage_patterns,10.3.90.43,normal_3562209,SE_0060,sensors,Zone_A,219.55,1.16,0.64,49.71,34.5,2.68,False,low,,,Normal operation,normal_pattern,0.91
2025-10-24T07:52:44.534782,EVT_000246,admin_001,DELETE,billing_records,192.168.239.55,suspicious_3237694,CO_0006,controllers,Unknown_Zone,193.45,18.04,0.66,49.55,16.1,11.93,True,high,Reconnaissance,reconnaissance,Network scanning,"multiple_queries,unusual_access,after_hours",0.77
2025-10-24T02:52:44.535575,EVT_000292,temp_admin,ADMIN_READ,customer_pii,192.168.220.106,suspicious_2870600,SE_0056,sensors,Unknown_Zone,204.79,9.11,0.88,50.12,91.5,3.8,True,critical,DoS Attack,dos_attack,Denial of Service attack,"multiple_queries,unusual_access,after_hours",0.94
2025-10-24T15:52:44.534547,EVT_000234,user_7,UPDATE,meter_readings,10.5.185.31,normal_8170333,TR_0097,transformers,Zone_B,215.68,7.32,0.64,50.16,38.7,8.11,False,medium,,,Normal operation,normal_pattern,0.91
2025-10-24T09:52:44.530065,EVT_000018,user_34,READ,meter_readings,10.5.158.64,normal_1941853,CO_0048,controllers,Zone_A,235.92,12.52,0.94,49.94,32.1,11.6,False,low,,,Normal operation,normal_pattern,0.97
2025-10-24T15:52:44.535254,EVT_000277,temp_admin,ADMIN_READ,customer_pii,192.168.207.139,suspicious_4833261,SM_0026,smart_meters,Unknown_Zone,235.88,11.75,0.73,50.16,89.8,8.65,True,high,Privilege Escalation,privilege_escalation,Elevation of user privileges,"multiple_queries,unusual_access,after_hours",0.78
2025-10-24T12:52:44.533089,EVT_000163,engineer_1,UPDATE,device_status,10.2.4.119,normal_9016611,SE_0081,sensors,Zone_C,212.1,4.82,0.67,49.57,44.9,12.52,False,low,,,Normal operation,normal_pattern,0.95
2025-10-24T09:52:44.534907,EVT_000254,admin_001,DELETE,scada_control,192.168.239.50,suspicious_2826021,SE_0063,sensors,Unknown_Zone,196.38,27.95,0.85,49.88,58.8,12.32,True,critical,Data Exfiltration,data_exfiltration,Unauthorized data extraction,"multiple_queries,unusual_access,after_hours",0.76
2025-10-24T09:52:44.531559,EVT_000089,user_47,UPDATE,meter_readings,10.4.172.221,normal_1323092,TR_0029,transformers,Zone_A,232.68,3.38,0.71,49.67,68.6,6.51,False,low,,,Normal operation,normal_pattern,0.95
2025-10-24T12:52:44.532453,EVT_000132,user_5,WRITE,meter_readings,10.1.225.93,normal_2703419,SM_0059,smart_meters,Zone_D,239.07,13.94,0.79,49.51,41.7,10.92,False,low,,,Normal operation,normal_pattern,0.92
2025-10-24T08:52:44.532123,EVT_000116,user_2,WRITE,device_status,10.4.14.54,normal_4832262,SM_0032,smart_meters,Zone_A,233.14,3.71,0.79,49.78,28.6,1.77,False,low,,,Normal operation,normal_pattern,0.97
2025-10-24T05:52:44.535559,EVT_000291,contractor_ext,DELETE,payment_info,192.168.218.249,suspicious_4011995,CO_0003,controllers,Dark_Web,240.71,20.25,0.68,50.0,15.3,5.59,True,critical,DoS Attack,dos_attack,Denial of Service attack,"multiple_queries,unusual_access,after_hours",0.94
2025-10-24T06:52:44.531980,EVT_000109,user_9,UPDATE,usage_patterns,10.2.155.142,normal_8637763,CO_0028,controllers,Zone_C,224.18,1.4,0.64,50.04,20.6,8.63,False,low,,,Normal operation,normal_pattern,0.97
2025-10-24T03:52:44.533684,EVT_000192,user_26,WRITE,usage_patterns,10.0.181.255,normal_3462215,CO_0034,controllers,Zone_B,236.48,6.13,0.73,50.04,32.8,6.0,False,low,,,Normal operation,normal_pattern,0.91
2025-10-24T16:52:44.532143,EVT_000117,user_24,READ,meter_readings,10.3.231.60,normal_1173508,CO_0027,controllers,Zone_C,223.11,8.55,0.92,49.73,76.2,2.34,False,medium,,,Normal operation,normal_pattern,0.98
2025-10-24T16:52:44.534922,EVT_000255,admin_001,ADMIN_WRITE,billing_records,192.168.200.14,suspicious_1031280,TR_0053,transformers,Unknown_Zone,188.48,6.15,0.72,50.12,92.0,5.14,True,critical,Privilege Escalation,privilege_escalation,Elevation of user privileges,"multiple_queries,unusual_access,after_hours",0.91
2025-10-24T01:52:44.533069,EVT_000162,user_23,UPDATE,usage_patterns,10.5.141.210,normal_3051734,SE_0046,sensors,Zone_C,230.53,5.22,0.94,50.14,26.3,5.93,False,low,,,Normal operation,normal_pattern,0.95
2025-10-24T01:52:44.530449,EVT_000036,user_41,READ,sensor_data,10.3.192.127,normal_8323866,SE_0062,sensors,Zone_C,216.99,17.66,0.91,50.28,30.0,0.7,False,low,,,Normal operation,normal_pattern,0.94
2025-10-24T13:52:44.533209,EVT_000169,user_19,WRITE,sensor_data,10.1.207.96,normal_7599860,SM_0043,smart_meters,Zone_A,230.52,1.89,0.8,50.17,27.9,3.81,False,low,,,Normal operation,normal_pattern,0.96
2025-10-24T11:52:44.533395,EVT_000178,user_44,UPDATE,meter_readings,10.4.73.29,normal_6288378,SM_0098,smart_meters,Zone_A,233.79,6.42,0.76,49.98,54.6,8.35,False,low,,,Normal operation,normal_pattern,0.94
2025-10-24T09:52:44.534860,EVT_000251,admin_001,ADMIN_WRITE,payment_info,192.168.236.6,suspicious_8225888,TR_0071,transformers,Dark_Web,259.02,15.01,0.86,49.86,61.9,7.27,True,high,Malware Injection,malware_injection,Malicious code insertion,"multiple_queries,unusual_access,after_hours",0.85
2025-10-24T04:52:44.533149,EVT_000166,user_50,WRITE,meter_readings,10.4.169.174,normal_2690831,SE_0079,sensors,Zone_D,237.45,17.47,0.61,50.32,68.6,1.08,False,low,,,Normal operation,normal_pattern,0.91
2025-10-24T05:52:44.530936,EVT_000059,user_27,READ,meter_readings,10.2.175.38,normal_2592286,CO_0061,controllers,Zone_B,231.45,13.07,0.62,50.28,55.1,14.4,False,low,,,Normal operation,normal_pattern,0.91
2025-10-24T19:52:44.532412,EVT_000130,user_43,UPDATE,meter_readings,10.2.204.16,normal_6146646,SE_0041,sensors,Zone_C,220.4,2.05,0.78,50.41,32.6,14.69,False,medium,,,Normal operation,normal_pattern,0.94
2025-10-23T19:52:44.533915,EVT_000203,user_36,READ,device_status,10.0.75.48,normal_4706366,SM_0074,smart_meters,Zone_C,213.7,17.15,0.97,49.79,41.9,2.56,False,low,,,Normal operation,normal_pattern,0.92
2025-10-24T00:52:44.535211,EVT_000274,contractor_ext,DELETE,scada_control,192.168.225.217,suspicious_1371922,CO_0029,controllers,Unknown_Zone,188.09,27.75,0.89,49.69,83.8,4.97,True,critical,Data Exfiltration,data_exfiltration,Unauthorized data extraction,"multiple_queries,unusual_access,after_hours",0.81
2025-10-24T16:52:44.533978,EVT_000206,user_48,UPDATE,usage_patterns,10.0.182.44,normal_8540929,SE_0025,sensors,Zone_B,230.83,11.71,0.64,50.16,73.7,4.12,False,medium,,,Normal operation,normal_pattern,0.92
2025-10-24T12:52:44.534366,EVT_000225,user_27,READ,usage_patterns,10.3.150.21,normal_4501411,SM_0087,smart_meters,Zone_D,232.55,19.92,0.63,49.54,59.8,10.63,False,low,,,Normal operation,normal_pattern,0.92
2025-10-24T04:52:44.534845,EVT_000250,contractor_ext,ADMIN_WRITE,payment_info,192.168.255.194,suspicious_9109768,SE_0012,sensors,Dark_Web,186.53,29.35,0.73,49.88,81.0,8.73,True,critical,Data Exfiltration,data_exfiltration,Unauthorized data extraction,"multiple_queries,unusual_access,after_hours",0.87
2025-10-24T08:52:44.534506,EVT_000232,user_28,READ,meter_readings,10.5.35.115,normal_1938106,SE_0065,sensors,Zone_A,234.18,1.69,0.87,49.56,66.8,13.82,False,medium,,,Normal operation,normal_pattern,0.97
2025-10-24T15:52:44.533623,EVT_000189,operator_1,READ,usage_patterns,10.3.52.66,normal_9205770,TR_0087,transformers,Zone_C,230.12,18.79,0.81,50.12,47.8,9.69,False,medium,,,Normal operation,normal_pattern,0.96
2025-10-24T10:52:44.535196,EVT_000273,contractor_ext,DELETE,customer_pii,192.168.241.19,suspicious_2017387,TR_0046,transformers,VPN_Tunnel,230.34,3.04,0.93,49.65,34.1,2.26,True,critical,Unauthorized Access,unauthorized_access,Access without credentials,"multiple_queries,unusual_access,after_hours",0.87
2025-10-24T00:52:44.534830,EVT_000249,temp_admin,ADMIN_WRITE,scada_control,192.168.212.27,suspicious_3807279,CO_0047,controllers,VPN_Tunnel,255.83,9.24,0.96,50.33,68.0,11.32,True,critical,Data Exfiltration,data_exfiltration,Unauthorized data extraction,"multiple_queries,unusual_access,after_hours",0.86
2025-10-24T12:52:44.531579,EVT_000090,user_3,WRITE,meter_readings,10.4.245.147,normal_3456593,SM_0009,smart_meters,Zone_C,235.92,1.51,0.85,50.44,36.8,6.92,False,medium,,,Normal operation,normal_pattern,0.92
2025-10-24T14:52:44.532515,EVT_000135,user_31,READ,sensor_data,10.1.10.225,normal_1855931,SM_0071,smart_meters,Zone_D,235.86,8.77,0.68,49.86,63.4,12.39,False,low,,,Normal operation,normal_pattern,0.95
2025-10-24T08:52:44.535525,EVT_000289,contractor_ext,ADMIN_WRITE,customer_pii,192.168.222.145,suspicious_3648290,SE_0099,sensors,Dark_Web,214.42,12.33,0.84,50.0,91.3,14.21,True,high,Malware Injection,malware_injection,Malicious code insertion,"multiple_queries,unusual_access,after_hours",0.9
2025-10-23T21:52:44.530108,EVT_000020,user_3,READ,device_status,10.2.31.143,normal_5476245,CO_0040,controllers,Zone_C,213.43,13.02,0.76,49.67,35.5,6.54,False,low,,,Normal operation,normal_pattern,0.9
2025-10-24T14:52:44.533458,EVT_000181,user_11,UPDATE,device_status,10.5.253.160,normal_4271181,SM_0030,smart_meters,Zone_C,229.78,3.96,0.62,50.31,80.0,13.91,False,low,,,Normal operation,normal_pattern,0.97
2025-10-23T22:52:44.532944,EVT_000156,user_29,READ,usage_patterns,10.2.93.58,normal_4067426,SM_0040,smart_meters,Zone_C,220.98,17.14,0.87,50.04,28.0,0.57,False,low,,,Normal operation,normal_pattern,0.97
2025-10-24T07:52:44.532762,EVT_000147,user_22,WRITE,sensor_data,10.0.98.163,normal_6579889,SE_0028,sensors,Zone_D,213.49,1.64,0.78,50.45,66.9,2.74,False,medium,,,Normal operation,normal_pattern,0.96
2025-10-24T03:52:44.532658,EVT_000142,engineer_1,UPDATE,device_status,10.2.134.118,normal_3412371,SE_0039,sensors,Zone_C,211.97,10.44,0.77,50.21,67.5,13.84,False,low,,,Normal operation,normal_pattern,0.94
2025-10-24T00:52:44.531041,EVT_000064,user_12,UPDATE,usage_patterns,10.0.132.69,normal_2682518,SE_0038,sensors,Zone_A,223.09,19.73,0.6,50.07,55.6,8.36,False,medium,,,Normal operation,normal_pattern,0.9
2025-10-24T03:52:44.535181,EVT_000272,backdoor_user,DELETE,billing_records,192.168.240.87,suspicious_1130350,SM_0060,smart_meters,VPN_Tunnel,253.7,8.85,0.7,49.86,82.5,12.12,True,critical,Unauthorized Access,unauthorized_access,Access without credentials,"multiple_queries,unusual_access,after_hours",0.87
2025-10-24T09:52:44.535590,EVT_000293,backdoor_user,ADMIN_WRITE,payment_info,192.168.219.174,suspicious_3908604,SE_0010,sensors,Dark_Web,200.27,15.75,0.76,50.35,78.7,6.03,True,critical,Privilege Escalation,privilege_escalation,Elevation of user privileges,"multiple_queries,unusual_access,after_hours",0.85
2025-10-24T00:52:44.531666,EVT_000094,user_49,WRITE,sensor_data,10.2.213.12,normal_9776145,SM_0057,smart_meters,Zone_A,214.68,12.19,0.69,50.21,72.1,3.29,False,low,,,Normal operation,normal_pattern,0.93
2025-10-24T01:52:44.530976,EVT_000061,user_16,UPDATE,meter_readings,10.1.111.67,normal_5194740,TR_0023,transformers,Zone_A,229.72,19.55,0.72,50.11,42.0,7.18,False,medium,,,Normal operation,normal_pattern,0.95
2025-10-24T18:52:44.532555,EVT_000137,user_44,UPDATE,usage_patterns,10.3.24.97,normal_8971161,TR_0065,transformers,Zone_A,244.52,3.69,0.79,49.74,44.7,6.67,False,low,,,Normal operation,normal_pattern,0.93
2025-10-24T14:52:44.529816,EVT_000007,user_15,WRITE,device_status,10.3.80.129,normal_5824549,SM_0046,smart_meters,Zone_C,211.72,17.48,0.84,50.41,75.9,11.72,False,low,,,Normal operation,normal_pattern,0.94
2025-10-24T18:52:44.530001,EVT_000015,user_43,WRITE,meter_readings,10.5.228.221,normal_8014680,TR_0057,transformers,Zone_C,211.34,17.37,0.62,50.08,55.8,1.5,False,low,,,Normal operation,normal_pattern,0.9
2025-10-24T11:52:44.529879,EVT_000010,user_1,WRITE,meter_readings,10.0.147.174,normal_7269332,SE_0097,sensors,Zone_B,239.17,16.25,0.62,49.86,64.6,5.93,False,low,,,Normal operation,normal_pattern,0.95
2025-10-24T06:52:44.533997,EVT_000207,user_21,WRITE,meter_readings,10.2.65.120,normal_6564896,CO_0046,controllers,Zone_D,243.56,14.53,0.81,49.98,53.7,1.69,False,low,,,Normal operation,normal_pattern,0.98
2025-10-24T03:52:44.531826,EVT_000102,user_45,UPDATE,meter_readings,10.3.2.98,normal_6739953,TR_0003,transformers,Zone_A,243.1,14.95,0.98,49.66,33.3,3.72,False,low,,,Normal operation,normal_pattern,0.9
2025-10-24T00:52:44.530149,EVT_000022,user_20,READ,meter_readings,10.2.9.181,normal_9351930,TR_0061,transformers,Zone_D,213.84,3.63,0.87,49.7,38.4,9.83,False,medium,,,Normal operation,normal_pattern,0.94
2025-10-24T08:52:44.531603,EVT_000091,user_34,WRITE,usage_patterns,10.3.199.55,normal_5028480,SE_0014,sensors,Zone_C,230.61,7.54,0.97,50.44,24.2,9.24,False,medium,,,Normal operation,normal_pattern,0.93
2025-10-24T05:52:44.533559,EVT_000186,user_38,UPDATE,sensor_data,10.5.51.127,normal_3390357,CO_0040,controllers,Zone_A,234.42,7.6,0.81,49.85,39.7,9.63,False,low,,,Normal operation,normal_pattern,0.9
2025-10-23T20:52:44.534466,EVT_000230,user_12,UPDATE,device_status,10.1.15.128,normal_6955794,TR_0055,transformers,Zone_C,210.69,0.84,0.95,49.55,21.7,1.64,False,low,,,Normal operation,normal_pattern,0.96
2025-10-24T04:52:44.532300,EVT_000125,user_13,UPDATE,sensor_data,10.2.220.44,normal_5758061,CO_0070,controllers,Zone_B,222.92,19.16,0.72,50.07,59.7,13.02,False,medium,,,Normal operation,normal_pattern,0.93
2025-10-24T03:52:44.531419,EVT_000082,user_29,WRITE,sensor_data,10.2.82.43,normal_1512295,TR_0080,transformers,Zone_D,232.37,15.3,0.78,50.06,53.1,8.86,False,medium,,,Normal operation,normal_pattern,0.97
2025-10-23T20:52:44.531163,EVT_000070,user_46,WRITE,meter_readings,10.1.198.219,normal_3518248,TR_0061,transformers,Zone_A,231.54,5.45,0.83,49.96,43.2,14.49,False,medium,,,Normal operation,normal_pattern,0.95
2025-10-24T02:52:44.532221,EVT_000121,user_44,WRITE,meter_readings,10.5.224.59,normal_1761466,CO_0094,controllers,Zone_D,225.06,6.2,0.97,50.06,62.8,10.97,False,low,,,Normal operation,normal_pattern,0.91
2025-10-24T11:52:44.534306,EVT_000222,user_31,WRITE,usage_patterns,10.4.73.66,normal_7931120,SE_0090,sensors,Zone_B,240.27,8.88,0.76,49.87,53.8,6.39,False,medium,,,Normal operation,normal_pattern,0.91
2025-10-24T04:52:44.530023,EVT_000016,user_20,UPDATE,sensor_data,10.2.93.148,normal_2788286,SE_0059,sensors,Zone_D,230.15,14.04,0.96,49.91,41.6,7.17,False,medium,,,Normal operation,normal_pattern,0.93
2025-10-24T13:52:44.532803,EVT_000149,user_38,READ,sensor_data,10.5.68.243,normal_4990222,TR_0067,transformers,Zone_D,224.22,6.55,0.82,50.13,44.4,13.48,False,medium,,,Normal operation,normal_pattern,0.95
2025-10-23T23:52:44.534982,EVT_000259,backdoor_user,ADMIN_READ,scada_control,192.168.240.87,suspicious_2937388,CO_0076,controllers,VPN_Tunnel,253.94,25.0,0.68,49.77,43.9,10.89,True,high,Malware Injection,malware_injection,Malicious code insertion,"multiple_queries,unusual_access,after_hours",0.84
2025-10-23T23:52:44.535479,EVT_000286,admin_002,ADMIN_WRITE,billing_records,192.168.226.198,suspicious_2263458,SE_0032,sensors,External,209.32,0.16,0.68,50.33,57.4,12.8,True,critical,Privilege Escalation,privilege_escalation,Elevation of user privileges,"multiple_queries,unusual_access,after_hours",0.83
2025-10-24T09:52:44.530364,EVT_000032,user_47,WRITE,device_status,10.0.19.104,normal_3535044,TR_0026,transformers,Zone_A,231.37,14.42,0.76,49.6,39.1,11.99,False,low,,,Normal operation,normal_pattern,0.98
2025-10-24T19:52:44.534486,EVT_000231,user_17,READ,meter_readings,10.1.77.47,normal_3658260,SE_0087,sensors,Zone_B,212.47,9.66,0.82,50.11,59.5,5.05,False,low,,,Normal operation,normal_pattern,0.92
2025-10-24T08:52:44.534797,EVT_000247,admin_002,ADMIN_READ,payment_info,192.168.209.40,suspicious_1651707,SM_0058,smart_meters,Dark_Web,184.75,13.49,0.66,49.86,25.2,7.33,True,critical,Data Exfiltration,data_exfiltration,Unauthorized data extraction,"multiple_queries,unusual_access,after_hours",0.77
2025-10-24T05:52:44.534649,EVT_000239,user_50,READ,device_status,10.5.168.230,normal_8921462,TR_0036,transformers,Zone_D,218.54,18.93,0.96,49.94,44.6,3.44,False,medium,,,Normal operation,normal_pattern,0.91
2025-10-24T01:52:44.535167,EVT_000271,admin_002,ADMIN_READ,customer_pii,192.168.200.137,suspicious_6308721,SE_0048,sensors,Unknown_Zone,206.93,5.86,0.93,50.24,28.4,14.91,True,critical,Data Exfiltration,data_exfiltration,Unauthorized data extraction,"multiple_queries,unusual_access,after_hours",0.75
2025-10-24T11:52:44.531209,EVT_000072,user_3,READ,meter_readings,10.4.192.218,normal_5278210,CO_0010,controllers,Zone_B,239.63,8.43,0.79,49.84,36.5,13.24,False,low,,,Normal operation,normal_pattern,0.93
2025-10-24T19:52:44.531887,EVT_000105,user_36,WRITE,sensor_data,10.1.6.4,normal_1552727,SM_0045,smart_meters,Zone_C,224.64,1.29,0.91,50.32,69.3,10.7,False,medium,,,Normal operation,normal_pattern,0.97
2025-10-24T07:52:44.532002,EVT_000110,user_28,UPDATE,meter_readings,10.5.177.97,normal_2040536,CO_0099,controllers,Zone_C,212.04,8.97,0.73,50.4,79.6,7.79,False,medium,,,Normal operation,normal_pattern,0.99
2025-10-24T12:52:44.531916,EVT_000106,user_22,WRITE,usage_patterns,10.5.228.144,normal_3188381,SM_0025,smart_meters,Zone_D,232.13,6.51,0.66,49.73,70.5,5.77,False,medium,,,Normal operation,normal_pattern,0.94
2025-10-24T19:52:44.531685,EVT_000095,user_1,UPDATE,meter_readings,10.5.65.124,normal_4604379,SE_0006,sensors,Zone_B,210.84,18.28,0.89,49.67,54.2,7.68,False,medium,,,Normal operation,normal_pattern,0.93
2025-10-24T16:52:44.535635,EVT_000296,temp_admin,ADMIN_WRITE,payment_info,192.168.243.220,suspicious_4541872,SE_0088,sensors,VPN_Tunnel,210.34,18.23,0.9,49.89,38.5,9.21,True,high,Reconnaissance,reconnaissance,Network scanning,"multiple_queries,unusual_access,after_hours",0.78
2025-10-24T10:52:44.534385,EVT_000226,user_5,WRITE,device_status,10.1.25.168,normal_8801553,TR_0017,transformers,Zone_B,239.86,14.46,0.69,49.94,73.4,10.3,False,medium,,,Normal operation,normal_pattern,0.93
2025-10-24T14:52:44.532162,EVT_000118,user_26,UPDATE,sensor_data,10.1.71.234,normal_3257573,CO_0056,controllers,Zone_B,212.41,8.74,0.65,50.48,50.7,4.49,False,low,,,Normal operation,normal_pattern,0.91
2025-10-24T06:52:44.531315,EVT_000077,user_34,WRITE,usage_patterns,10.0.113.71,normal_8643091,CO_0093,controllers,Zone_B,231.58,11.89,0.7,50.45,50.9,0.98,False,medium,,,Normal operation,normal_pattern,0.94
2025-10-24T08:52:44.532904,EVT_000154,user_10,UPDATE,sensor_data,10.0.147.185,normal_3922471,TR_0047,transformers,Zone_C,232.51,1.47,0.91,50.22,22.1,10.57,False,low,,,Normal operation,normal_pattern,0.92
2025-10-24T03:52:44.534697,EVT_000241,backdoor_user,DELETE,payment_info,192.168.223.51,suspicious_2760624,CO_0090,controllers,VPN_Tunnel,189.7,8.95,0.72,50.13,86.7,6.6,True,critical,DoS Attack,dos_attack,Denial of Service attack,"multiple_queries,unusual_access,after_hours",0.82
2025-10-24T00:52:44.532535,EVT_000136,user_50,UPDATE,device_status,10.0.254.241,normal_7379467,SE_0020,sensors,Zone_B,212.48,4.91,0.63,49.59,28.5,12.68,False,medium,,,Normal operation,normal_pattern,0.93
2025-10-24T18:52:44.532043,EVT_000112,operator_1,UPDATE,sensor_data,10.5.118.5,normal_9025030,SM_0024,smart_meters,Zone_C,218.48,4.45,0.7,49.5,39.9,13.87,False,medium,,,Normal operation,normal_pattern,0.99
2025-10-24T16:52:44.533846,EVT_000200,user_10,WRITE,usage_patterns,10.0.52.15,normal_6276111,SE_0060,sensors,Zone_C,215.89,19.39,0.76,50.45,31.2,13.53,False,low,,,Normal operation,normal_pattern,0.99
2025-10-24T02:52:44.530087,EVT_000019,user_47,WRITE,sensor_data,10.4.23.246,normal_2246854,TR_0099,transformers,Zone_D,217.22,7.58,0.96,50.33,73.7,12.08,False,medium,,,Normal operation,normal_pattern,0.91
2025-10-24T13:52:44.532722,EVT_000145,operator_1,WRITE,sensor_data,10.3.235.58,normal_8164042,CO_0083,controllers,Zone_A,221.51,11.11,0.72,49.61,72.3,8.44,False,low,,,Normal operation,normal_pattern,0.93
2025-10-24T00:52:44.535606,EVT_000294,contractor_ext,DELETE,customer_pii,192.168.242.202,suspicious_6045917,SM_0071,smart_meters,External,201.24,1.41,0.63,49.64,86.3,14.87,True,high,Data Exfiltration,data_exfiltration,Unauthorized data extraction,"multiple_queries,unusual_access,after_hours",0.87
2025-10-24T13:52:44.535225,EVT_000275,admin_002,ADMIN_WRITE,billing_records,192.168.233.89,suspicious_4529697,SM_0013,smart_meters,VPN_Tunnel,219.97,23.17,0.79,50.45,60.5,5.29,True,critical,Data Exfiltration,data_exfiltration,Unauthorized data extraction,"multiple_queries,unusual_access,after_hours",0.8
2025-10-23T21:52:44.531021,EVT_000063,user_18,READ,usage_patterns,10.3.99.217,normal_1154808,SM_0002,smart_meters,Zone_A,222.97,16.33,0.97,49.82,69.9,0.87,False,low,,,Normal operation,normal_pattern,0.94
2025-10-23T20:52:44.533936,EVT_000204,user_47,READ,meter_readings,10.2.119.246,normal_7135981,SM_0065,smart_meters,Zone_D,225.56,11.65,0.63,50.07,66.9,5.8,False,medium,,,Normal operation,normal_pattern,0.97
2025-10-24T05:52:44.534967,EVT_000258,temp_admin,DELETE,billing_records,192.168.225.68,suspicious_8984498,TR_0041,transformers,Dark_Web,232.55,22.81,0.78,49.97,24.3,6.78,True,high,Privilege Escalation,privilege_escalation,Elevation of user privileges,"multiple_queries,unusual_access,after_hours",0.84
2025-10-24T04:52:44.531726,EVT_000097,user_30,READ,meter_readings,10.1.171.6,normal_9148403,SM_0004,smart_meters,Zone_D,235.91,6.36,0.65,50.0,65.4,2.38,False,medium,,,Normal operation,normal_pattern,0.94
2025-10-24T05:52:44.531293,EVT_000076,user_9,WRITE,meter_readings,10.3.151.126,normal_1526604,SE_0006,sensors,Zone_A,224.43,11.5,0.8,50.03,65.6,9.05,False,low,,,Normal operation,normal_pattern,0.92
2025-10-24T00:52:44.530577,EVT_000042,user_16,UPDATE,device_status,10.1.89.184,normal_1629200,TR_0064,transformers,Zone_C,227.92,11.22,0.67,50.23,50.3,12.75,False,medium,,,Normal operation,normal_pattern,0.92
2025-10-24T18:52:44.530853,EVT_000055,user_40,READ,meter_readings,10.4.37.246,normal_2311823,SE_0062,sensors,Zone_C,235.14,5.14,0.62,50.08,66.4,3.49,False,medium,,,Normal operation,normal_pattern,0.93
2025-10-24T04:52:44.534204,EVT_000217,user_24,WRITE,meter_readings,10.4.164.227,normal_6622273,CO_0025,controllers,Zone_D,214.14,16.06,0.93,49.83,78.5,11.01,False,medium,,,Normal operation,normal_pattern,0.92
2025-10-24T18:52:44.533438,EVT_000180,user_19,WRITE,usage_patterns,10.4.22.126,normal_5646917,SE_0066,sensors,Zone_B,238.52,13.36,0.61,50.18,20.1,5.03,False,low,,,Normal operation,normal_pattern,0.94
2025-10-23T19:52:44.530344,EVT_000031,user_44,UPDATE,device_status,10.0.77.176,normal_3466570,SM_0086,smart_meters,Zone_A,225.34,15.86,0.71,49.55,29.6,14.75,False,low,,,Normal operation,normal_pattern,0.97
2025-10-24T13:52:44.534018,EVT_000208,user_32,READ,device_status,10.0.245.28,normal_2841559,CO_0091,controllers,Zone_C,231.49,9.42,0.68,50.38,47.3,11.2,False,medium,,,Normal operation,normal_pattern,0.98
2025-10-24T01:52:44.535620,EVT_000295,admin_002,DELETE,billing_records,192.168.202.148,suspicious_7066847,SE_0010,sensors,External,195.81,19.11,0.95,49.89,89.6,12.66,True,critical,Malware Injection,malware_injection,Malicious code insertion,"multiple_queries,unusual_access,after_hours",0.79
2025-10-23T20:52:44.530196,EVT_000024,user_21,READ,meter_readings,10.5.19.24,normal_9476810,SM_0003,smart_meters,Zone_B,221.73,1.7,0.9,50.08,70.7,0.57,False,low,,,Normal operation,normal_pattern,0.93
2025-10-24T01:52:44.529650,EVT_000002,user_21,WRITE,usage_patterns,10.2.165.104,normal_6873496,TR_0068,transformers,Zone_A,218.62,9.13,0.73,49.57,52.8,10.9,False,low,,,Normal operation,normal_pattern,0.95
2025-10-24T12:52:44.533764,EVT_000196,user_14,READ,device_status,10.1.15.186,normal_4439580,SE_0078,sensors,Zone_B,229.83,11.55,0.63,49.74,63.6,7.54,False,low,,,Normal operation,normal_pattern,0.98
2025-10-24T14:52:44.531380,EVT_000080,engineer_1,READ,sensor_data,10.4.38.62,normal_9230440,SE_0096,sensors,Zone_A,241.57,14.39,0.71,49.74,42.6,4.63,False,medium,,,Normal operation,normal_pattern,0.98
2025-10-24T16:52:44.532240,EVT_000122,user_4,READ,meter_readings,10.0.200.244,normal_8527720,CO_0050,controllers,Zone_D,219.61,14.19,0.73,50.47,43.8,2.95,False,low,,,Normal operation,normal_pattern,0.97
2025-10-24T17:52:44.532615,EVT_000140,user_3,UPDATE,device_status,10.1.95.117,normal_6984708,CO_0048,controllers,Zone_A,230.28,5.19,0.99,50.43,40.4,10.73,False,low,,,Normal operation,normal_pattern,0.94
2025-10-24T06:52:44.532924,EVT_000155,user_30,READ,sensor_data,10.5.139.169,normal_7495094,SE_0015,sensors,Zone_B,240.89,1.55,0.69,50.49,68.9,8.24,False,low,,,Normal operation,normal_pattern,0.98
2025-10-24T07:52:44.535494,EVT_000287,temp_admin,DELETE,scada_control,192.168.222.183,suspicious_3939408,SM_0004,smart_meters,Unknown_Zone,196.2,9.28,0.82,50.22,69.2,11.71,True,high,Unauthorized Access,unauthorized_access,Access without credentials,"multiple_queries,unusual_access,after_hours",0.76
2025-10-24T01:52:44.532783,EVT_000148,user_26,WRITE,meter_readings,10.3.219.168,normal_3225953,CO_0084,controllers,Zone_B,219.92,7.99,0.86,50.44,36.2,2.46,False,medium,,,Normal operation,normal_pattern,0.98
2025-10-24T09:52:44.531847,EVT_000103,user_35,UPDATE,device_status,10.3.161.237,normal_9648667,TR_0006,transformers,Zone_D,243.78,1.46,0.78,50.01,73.7,7.3,False,medium,,,Normal operation,normal_pattern,0.94
2025-10-23T22:52:44.529837,EVT_000008,user_14,WRITE,usage_patterns,10.5.11.230,normal_7085478,SE_0022,sensors,Zone_D,243.81,18.05,0.82,50.16,68.4,4.78,False,low,,,Normal operation,normal_pattern,0.98
2025-10-23T20:52:44.533579,EVT_000187,user_18,UPDATE,meter_readings,10.4.67.202,normal_5836626,CO_0072,controllers,Zone_B,215.51,2.78,0.97,50.45,46.5,5.36,False,low,,,Normal operation,normal_pattern,0.95
2025-10-24T19:52:44.531438,EVT_000083,user_3,WRITE,sensor_data,10.3.45.43,normal_6774033,CO_0090,controllers,Zone_B,235.42,12.55,0.77,49.97,34.8,12.17,False,medium,,,Normal operation,normal_pattern,0.98
2025-10-24T04:52:44.534527,EVT_000233,user_7,WRITE,usage_patterns,10.2.89.191,normal_3005854,SE_0020,sensors,Zone_C,233.3,9.07,0.66,50.04,69.8,10.12,False,low,,,Normal operation,normal_pattern,0.91
2025-10-23T23:52:44.535102,EVT_000267,contractor_ext,DELETE,payment_info,192.168.235.169,suspicious_1158890,TR_0063,transformers,VPN_Tunnel,223.24,1.95,0.64,49.75,72.3,7.32,True,critical,Data Exfiltration,data_exfiltration,Unauthorized data extraction,"multiple_queries,unusual_access,after_hours",0.91
2025-10-23T21:52:44.535542,EVT_000290,contractor_ext,ADMIN_WRITE,billing_records,192.168.219.45,suspicious_9185667,CO_0021,controllers,Dark_Web,249.27,8.78,0.62,50.13,73.5,14.37,True,high,Unauthorized Access,unauthorized_access,Access without credentials,"multiple_queries,unusual_access,after_hours",0.87
2025-10-23T19:52:44.534122,EVT_000213,user_43,READ,usage_patterns,10.0.10.50,normal_3870792,SE_0014,sensors,Zone_D,218.71,8.86,0.86,50.39,66.5,3.6,False,medium,,,Normal operation,normal_pattern,0.93
2025-10-24T17:52:44.532678,EVT_000143,user_8,WRITE,usage_patterns,10.0.232.203,normal_8461475,TR_0048,transformers,Zone_D,226.19,3.7,0.68,49.97,29.3,5.22,False,medium,,,Normal operation,normal_pattern,0.94
2025-10-24T02:52:44.533189,EVT_000168,user_15,READ,device_status,10.3.33.101,normal_1849305,CO_0070,controllers,Zone_B,227.23,3.19,0.72,50.07,20.1,4.34,False,low,,,Normal operation,normal_pattern,0.95
2025-10-24T10:52:44.530323,EVT_000030,user_28,READ,usage_patterns,10.1.33.53,normal_7074142,TR_0083,transformers,Zone_B,227.37,1.11,0.86,49.83,72.8,13.41,False,low,,,Normal operation,normal_pattern,0.95
2025-10-24T06:52:44.535014,EVT_000261,temp_admin,DELETE,billing_records,192.168.250.142,suspicious_5922485,TR_0058,transformers,External,222.06,29.41,0.64,50.0,67.2,4.65,True,high,Reconnaissance,reconnaissance,Network scanning,"multiple_queries,unusual_access,after_hours",0.93
2025-10-23T22:52:44.531399,EVT_000081,user_28,WRITE,sensor_data,10.5.143.28,normal_6041627,SE_0023,sensors,Zone_A,220.31,10.65,0.82,49.59,21.3,3.46,False,low,,,Normal operation,normal_pattern,0.98
2025-10-24T09:52:44.535299,EVT_000280,temp_admin,DELETE,billing_records,192.168.251.236,suspicious_7013464,CO_0021,controllers,Unknown_Zone,199.0,5.43,0.84,49.61,92.8,13.46,True,high,Reconnaissance,reconnaissance,Network scanning,"multiple_queries,unusual_access,after_hours",0.91
2025-10-24T11:52:44.534892,EVT_000253,temp_admin,DELETE,payment_info,192.168.232.70,suspicious_7025820,SE_0056,sensors,VPN_Tunnel,237.32,7.47,0.77,50.48,72.5,12.26,True,critical,Malware Injection,malware_injection,Malicious code insertion,"multiple_queries,unusual_access,after_hours",0.75
2025-10-24T12:52:44.529794,EVT_000006,user_4,UPDATE,sensor_data,10.4.176.213,normal_9356840,TR_0083,transformers,Zone_A,211.04,9.69,0.88,49.52,71.3,5.08,False,low,,,Normal operation,normal_pattern,0.91
2025-10-23T23:52:44.533784,EVT_000197,user_6,UPDATE,sensor_data,10.0.211.205,normal_6394113,TR_0099,transformers,Zone_C,231.97,4.99,0.93,50.3,28.6,5.75,False,medium,,,Normal operation,normal_pattern,0.92
2025-10-24T14:52:44.531143,EVT_000069,user_11,UPDATE,meter_readings,10.5.57.41,normal_9169102,SM_0098,smart_meters,Zone_B,212.01,5.98,0.62,49.7,25.7,4.34,False,low,,,Normal operation,normal_pattern,0.95
2025-10-24T00:52:44.531273,EVT_000075,user_37,UPDATE,meter_readings,10.1.130.232,normal_2713261,SM_0016,smart_meters,Zone_D,225.88,3.73,0.64,50.11,32.1,13.37,False,low,,,Normal operation,normal_pattern,0.91
2025-10-24T17:52:44.533804,EVT_000198,user_19,WRITE,device_status,10.5.138.186,normal_5110954,SM_0003,smart_meters,Zone_D,228.42,2.14,0.68,50.4,67.2,11.56,False,medium,,,Normal operation,normal_pattern,0.96
2025-10-23T23:52:44.533539,EVT_000185,user_34,READ,device_status,10.5.106.55,normal_6695094,CO_0071,controllers,Zone_D,228.43,19.96,0.64,49.67,66.9,7.21,False,medium,,,Normal operation,normal_pattern,0.96
2025-10-23T23:52:44.534326,EVT_000223,user_40,UPDATE,device_status,10.1.81.249,normal_7916511,SM_0089,smart_meters,Zone_C,225.93,16.94,0.83,49.74,55.0,8.08,False,low,,,Normal operation,normal_pattern,0.91
2025-10-23T19:52:44.535133,EVT_000269,admin_001,ADMIN_WRITE,billing_records,192.168.241.4,suspicious_7443513,TR_0053,transformers,Dark_Web,187.18,3.03,0.98,49.93,20.1,5.05,True,high,Malware Injection,malware_injection,Malicious code insertion,"multiple_queries,unusual_access,after_hours",0.89
2025-10-23T23:52:44.531478,EVT_000085,user_10,UPDATE,usage_patterns,10.4.73.155,normal_7091568,SE_0080,sensors,Zone_C,220.78,14.7,0.75,50.25,56.4,0.79,False,low,,,Normal operation,normal_pattern,0.92
2025-10-23T21:52:44.534182,EVT_000216,user_46,WRITE,usage_patterns,10.5.100.234,normal_9835511,CO_0016,controllers,Zone_B,243.7,18.42,0.89,49.55,40.1,4.34,False,medium,,,Normal operation,normal_pattern,0.96
2025-10-24T02:52:44.534609,EVT_000237,user_33,WRITE,device_status,10.1.192.251,normal_4793318,CO_0068,controllers,Zone_B,211.86,15.76,0.9,50.08,49.8,7.0,False,low,,,Normal operation,normal_pattern,0.95
2025-10-24T14:52:44.532392,EVT_000129,user_5,READ,sensor_data,10.4.119.60,normal_5899710,SM_0098,smart_meters,Zone_D,231.83,11.56,0.85,50.3,34.6,3.81,False,low,,,Normal operation,normal_pattern,0.98
2025-10-24T10:52:44.530874,EVT_000056,user_18,READ,device_status,10.3.99.93,normal_6575920,TR_0087,transformers,Zone_A,234.28,10.67,0.81,50.24,21.2,12.66,False,medium,,,Normal operation,normal_pattern,0.9
2025-10-24T14:52:44.530894,EVT_000057,user_8,WRITE,device_status,10.5.40.142,normal_4573623,SM_0096,smart_meters,Zone_C,243.08,7.49,0.91,50.07,48.1,4.64,False,medium,,,Normal operation,normal_pattern,0.97
2025-10-23T21:52:44.533129,EVT_000165,user_1,WRITE,usage_patterns,10.5.233.238,normal_1990444,SM_0091,smart_meters,Zone_C,240.77,6.76,0.7,49.76,76.0,12.71,False,low,,,Normal operation,normal_pattern,0.97
2025-10-24T06:52:44.530832,EVT_000054,user_10,UPDATE,meter_readings,10.1.105.4,normal_9801578,CO_0007,controllers,Zone_C,220.17,11.63,0.87,50.0,32.7,2.64,False,medium,,,Normal operation,normal_pattern,0.95
2025-10-24T10:52:44.530915,EVT_000058,user_28,UPDATE,sensor_data,10.3.99.54,normal_9556944,SE_0059,sensors,Zone_A,224.96,2.89,0.77,50.5,21.5,8.83,False,medium,,,Normal operation,normal_pattern,0.97
2025-10-24T09:52:44.529771,EVT_000005,user_50,WRITE,usage_patterns,10.2.64.7,normal_2595986,TR_0063,transformers,Zone_B,234.94,16.18,0.8,50.34,73.4,12.34,False,low,,,Normal operation,normal_pattern,0.92
2025-10-23T20:52:44.533888,EVT_000202,user_10,UPDATE,usage_patterns,10.4.174.165,normal_5380991,CO_0082,controllers,Zone_B,233.28,7.58,0.6,49.93,71.6,0.98,False,low,,,Normal operation,normal_pattern,0.97
2025-10-23T22:52:44.530406,EVT_000034,user_36,READ,meter_readings,10.3.33.45,normal_6891930,TR_0067,transformers,Zone_B,218.91,15.48,0.93,49.83,35.4,9.86,False,low,,,Normal operation,normal_pattern,0.92
2025-10-24T04:52:44.535434,EVT_000283,backdoor_user,ADMIN_READ,payment_info,192.168.235.206,suspicious_7714121,SE_0044,sensors,VPN_Tunnel,206.29,1.77,0.79,50.18,86.4,14.99,True,critical,Unauthorized Access,unauthorized_access,Access without credentials,"multiple_queries,unusual_access,after_hours",0.84
2025-10-24T01:52:44.530259,EVT_000027,user_35,READ,device_status,10.2.13.9,normal_7608540,TR_0070,transformers,Zone_A,222.98,18.33,0.9,49.8,22.4,8.61,False,low,,,Normal operation,normal_pattern,0.9
2025-10-24T05:52:44.532844,EVT_000151,user_31,WRITE,sensor_data,10.3.39.138,normal_9816312,CO_0080,controllers,Zone_D,244.67,14.11,0.6,50.07,63.4,7.73,False,low,,,Normal operation,normal_pattern,0.93
2025-10-24T18:52:44.530128,EVT_000021,user_22,WRITE,sensor_data,10.4.120.139,normal_2973901,SM_0042,smart_meters,Zone_C,214.01,15.3,0.68,49.9,70.5,4.18,False,medium,,,Normal operation,normal_pattern,0.96
2025-10-24T06:52:44.534244,EVT_000219,user_42,UPDATE,meter_readings,10.2.141.167,normal_6944942,TR_0062,transformers,Zone_A,236.13,19.7,0.74,49.51,45.8,8.43,False,medium,,,Normal operation,normal_pattern,0.91
2025-10-24T01:52:44.530176,EVT_000023,user_25,WRITE,device_status,10.5.46.247,normal_7189677,TR_0048,transformers,Zone_D,224.66,14.9,0.97,50.12,38.9,13.33,False,medium,,,Normal operation,normal_pattern,0.98
2025-10-23T22:52:44.529857,EVT_000009,user_39,READ,usage_patterns,10.3.240.104,normal_7919474,TR_0012,transformers,Zone_C,220.81,5.63,0.84,49.72,29.6,9.56,False,medium,,,Normal operation,normal_pattern,0.94
2025-10-24T01:52:44.530045,EVT_000017,user_38,READ,meter_readings,10.4.229.230,normal_2892373,SE_0051,sensors,Zone_D,212.03,4.05,0.79,50.12,58.5,2.01,False,low,,,Normal operation,normal_pattern,0.93
2025-10-24T19:52:44.535449,EVT_000284,admin_001,ADMIN_WRITE,scada_control,192.168.236.6,suspicious_1540854,TR_0089,transformers,External,222.32,9.7,0.98,50.47,41.4,14.45,True,high,Unauthorized Access,unauthorized_access,Access without credentials,"multiple_queries,unusual_access,after_hours",0.82
2025-10-24T08:52:44.532433,EVT_000131,user_13,WRITE,meter_readings,10.5.22.123,normal_9595501,CO_0005,controllers,Zone_D,241.53,5.67,0.91,49.55,78.4,13.49,False,medium,,,Normal operation,normal_pattern,0.91
2025-10-24T17:52:44.532575,EVT_000138,user_5,UPDATE,usage_patterns,10.3.82.237,normal_3414870,SM_0018,smart_meters,Zone_A,243.37,3.94,0.77,50.39,41.6,2.32,False,low,,,Normal operation,normal_pattern,0.96
2025-10-24T12:52:44.532965,EVT_000157,user_42,UPDATE,usage_patterns,10.2.28.132,normal_4286642,CO_0038,controllers,Zone_A,222.85,10.72,0.67,49.77,30.1,13.59,False,low,,,Normal operation,normal_pattern,0.94
2025-10-23T23:52:44.534406,EVT_000227,user_37,WRITE,sensor_data,10.1.160.254,normal_1027602,CO_0011,controllers,Zone_A,222.47,16.88,0.67,49.53,75.1,8.07,False,medium,,,Normal operation,normal_pattern,0.95
2025-10-24T04:52:44.534264,EVT_000220,user_43,UPDATE,meter_readings,10.1.157.203,normal_7802032,SE_0006,sensors,Zone_A,217.47,17.65,0.81,49.84,23.3,13.31,False,medium,,,Normal operation,normal_pattern,0.92
2025-10-24T19:52:44.531498,EVT_000086,user_16,READ,device_status,10.0.83.187,normal_4704435,TR_0046,transformers,Zone_B,235.5,17.31,0.93,50.4,40.6,3.17,False,medium,,,Normal operation,normal_pattern,0.9
2025-10-24T11:52:44.531787,EVT_000100,user_42,READ,usage_patterns,10.4.89.207,normal_1707193,TR_0021,transformers,Zone_C,215.15,1.01,0.83,50.19,41.0,12.14,False,medium,,,Normal operation,normal_pattern,0.98
2025-10-24T01:52:44.532884,EVT_000153,user_8,WRITE,usage_patterns,10.4.67.16,normal_8488849,SE_0087,sensors,Zone_A,231.54,6.71,0.66,49.59,58.8,12.98,False,medium,,,Normal operation,normal_pattern,0.92
2025-10-24T01:52:44.534588,EVT_000236,engineer_1,WRITE,meter_readings,10.1.233.133,normal_8903037,SE_0063,sensors,Zone_C,213.75,5.65,0.88,50.14,49.6,7.49,False,low,,,Normal operation,normal_pattern,0.93
2025-10-24T04:52:44.531186,EVT_000071,user_43,READ,sensor_data,10.5.17.208,normal_4668400,CO_0017,controllers,Zone_B,221.94,13.72,0.74,50.11,23.5,11.4,False,medium,,,Normal operation,normal_pattern,0.95
2025-10-24T17:52:44.530665,EVT_000046,user_24,UPDATE,device_status,10.4.207.54,normal_4526982,CO_0010,controllers,Zone_C,228.26,10.69,0.84,49.88,24.2,14.43,False,low,,,Normal operation,normal_pattern,0.95
2025-10-24T09:52:44.534224,EVT_000218,user_22,UPDATE,usage_patterns,10.3.221.111,normal_7627471,SM_0093,smart_meters,Zone_B,226.44,5.86,0.94,49.72,59.2,1.43,False,low,,,Normal operation,normal_pattern,0.93
2025-10-23T22:52:44.531623,EVT_000092,user_49,WRITE,meter_readings,10.5.209.4,normal_8173642,SM_0027,smart_meters,Zone_D,241.53,2.32,0.98,50.2,45.3,9.6,False,low,,,Normal operation,normal_pattern,0.95
2025-10-24T00:52:44.534142,EVT_000214,user_15,UPDATE,sensor_data,10.4.232.181,normal_3257517,SE_0010,sensors,Zone_C,234.42,2.34,0.91,49.83,29.7,8.83,False,medium,,,Normal operation,normal_pattern,0.99
2025-10-23T22:52:44.533169,EVT_000167,user_14,UPDATE,sensor_data,10.0.99.223,normal_6970818,CO_0034,controllers,Zone_C,233.13,3.85,0.81,50.15,21.6,5.45,False,low,,,Normal operation,normal_pattern,0.96
2025-10-23T22:52:44.532084,EVT_000114,user_2,UPDATE,meter_readings,10.0.141.8,normal_9244392,SM_0073,smart_meters,Zone_A,228.84,5.73,0.79,49.68,49.9,7.14,False,low,,,Normal operation,normal_pattern,0.92
2025-10-24T09:52:44.532824,EVT_000150,user_20,WRITE,usage_patterns,10.0.226.136,normal_3063105,SM_0071,smart_meters,Zone_B,234.34,12.6,0.64,50.1,79.1,1.66,False,medium,,,Normal operation,normal_pattern,0.98
2025-10-24T02:52:44.533354,EVT_000176,user_33,WRITE,meter_readings,10.1.91.31,normal_3312222,SM_0039,smart_meters,Zone_C,238.67,4.13,0.67,49.68,24.9,12.46,False,medium,,,Normal operation,normal_pattern,0.91
2025-10-24T13:52:44.531959,EVT_000108,user_14,UPDATE,sensor_data,10.4.20.34,normal_8870293,TR_0092,transformers,Zone_D,210.18,2.98,0.77,50.27,77.4,12.51,False,medium,,,Normal operation,normal_pattern,0.92
2025-10-24T16:52:44.531458,EVT_000084,user_32,READ,device_status,10.4.148.252,normal_3094426,CO_0022,controllers,Zone_A,237.23,9.44,0.77,49.54,72.6,10.97,False,medium,,,Normal operation,normal_pattern,0.93
2025-10-24T15:52:44.533498,EVT_000183,user_22,UPDATE,sensor_data,10.2.245.43,normal_2885784,SM_0065,smart_meters,Zone_C,235.39,17.01,0.89,49.61,27.1,10.04,False,low,,,Normal operation,normal_pattern,0.98
2025-10-24T19:52:44.531252,EVT_000074,user_15,WRITE,sensor_data,10.2.252.89,normal_5003156,CO_0042,controllers,Zone_C,215.25,19.77,0.73,49.64,55.4,13.3,False,low,,,Normal operation,normal_pattern,0.91
2025-10-24T16:52:44.533007,EVT_000159,user_44,WRITE,meter_readings,10.5.205.100,normal_9230173,SE_0045,sensors,Zone_B,213.48,16.31,0.62,50.1,40.2,11.76,False,medium,,,Normal operation,normal_pattern,0.9
2025-10-23T19:52:44.531000,EVT_000062,user_10,UPDATE,meter_readings,10.2.152.131,normal_5881726,TR_0060,transformers,Zone_C,221.1,19.7,0.73,50.28,75.0,1.07,False,medium,,,Normal operation,normal_pattern,0.98
2025-10-24T04:52:44.535316,EVT_000281,temp_admin,ADMIN_WRITE,scada_control,192.168.213.122,suspicious_5676584,SM_0098,smart_meters,Unknown_Zone,254.42,22.07,0.83,50.16,75.5,2.85,True,critical,Unauthorized Access,unauthorized_access,Access without credentials,"multiple_queries,unusual_access,after_hours",0.75
2025-10-23T21:52:44.535029,EVT_000262,backdoor_user,ADMIN_WRITE,payment_info,192.168.220.213,suspicious_6347547,SE_0011,sensors,Dark_Web,199.65,28.24,0.94,50.04,62.5,3.08,True,high,Reconnaissance,reconnaissance,Network scanning,"multiple_queries,unusual_access,after_hours",0.82
2025-10-24T17:52:44.532596,EVT_000139,user_16,WRITE,meter_readings,10.0.90.68,normal_6113139,SM_0093,smart_meters,Zone_D,238.46,12.49,0.73,49.71,28.3,8.69,False,medium,,,Normal operation,normal_pattern,0.92
2025-10-24T18:52:44.535057,EVT_000264,admin_001,ADMIN_WRITE,payment_info,192.168.245.116,suspicious_3876459,SE_0042,sensors,Unknown_Zone,189.4,0.92,0.84,49.52,23.5,7.12,True,high,Data Exfiltration,data_exfiltration,Unauthorized data extraction,"multiple_queries,unusual_access,after_hours",0.81
2025-10-24T09:52:44.530812,EVT_000053,user_43,READ,device_status,10.4.181.168,normal_1826961,SE_0017,sensors,Zone_B,229.55,4.4,0.6,50.09,77.5,9.23,False,low,,,Normal operation,normal_pattern,0.9
2025-10-24T11:52:44.535464,EVT_000285,temp_admin,ADMIN_WRITE,customer_pii,192.168.228.114,suspicious_5546134,SE_0027,sensors,Unknown_Zone,203.07,24.53,0.87,49.81,55.2,3.83,True,critical,Reconnaissance,reconnaissance,Network scanning,"multiple_queries,unusual_access,after_hours",0.88
2025-10-23T23:52:44.531359,EVT_000079,user_28,WRITE,device_status,10.3.26.41,normal_6524485,SE_0096,sensors,Zone_A,229.57,4.59,0.93,49.99,25.2,9.33,False,medium,,,Normal operation,normal_pattern,0.91
2025-10-24T12:52:44.533312,EVT_000174,user_17,UPDATE,device_status,10.3.162.69,normal_9893517,CO_0011,controllers,Zone_A,229.73,7.12,0.98,49.94,61.6,3.87,False,low,,,Normal operation,normal_pattern,0.94
2025-10-24T04:52:44.535284,EVT_000279,backdoor_user,ADMIN_READ,customer_pii,192.168.227.86,suspicious_6197830,SM_0076,smart_meters,VPN_Tunnel,219.71,21.82,0.86,49.98,87.9,7.85,True,high,Unauthorized Access,unauthorized_access,Access without credentials,"multiple_queries,unusual_access,after_hours",0.87
2025-10-24T13:52:44.534059,EVT_000210,user_45,WRITE,device_status,10.3.67.36,normal_4212952,SM_0067,smart_meters,Zone_C,233.01,3.52,0.85,50.16,49.0,14.55,False,low,,,Normal operation,normal_pattern,0.93
2025-10-24T09:52:44.532328,EVT_000126,user_4,UPDATE,usage_patterns,10.2.100.62,normal_2999204,CO_0069,controllers,Zone_D,240.45,5.39,0.88,49.63,45.3,3.66,False,low,,,Normal operation,normal_pattern,0.93
2025-10-24T09:52:44.532864,EVT_000152,user_16,WRITE,device_status,10.3.235.158,normal_7878587,SE_0093,sensors,Zone_D,234.52,12.04,0.83,50.39,66.0,1.63,False,low,,,Normal operation,normal_pattern,0.97
2025-10-24T17:52:44.530280,EVT_000028,engineer_1,READ,sensor_data,10.5.244.211,normal_7797552,TR_0050,transformers,Zone_B,238.27,2.04,0.64,50.19,69.8,13.3,False,low,,,Normal operation,normal_pattern,0.91
2025-10-24T18:52:44.534038,EVT_000209,user_2,WRITE,device_status,10.0.34.3,normal_8135079,CO_0089,controllers,Zone_B,222.8,13.68,0.98,49.53,28.9,12.6,False,low,,,Normal operation,normal_pattern,0.97
2025-10-24T07:52:44.535665,EVT_000298,temp_admin,DELETE,billing_records,192.168.200.189,suspicious_2943197,TR_0007,transformers,Unknown_Zone,208.49,24.22,0.84,50.24,20.7,14.85,True,critical,Privilege Escalation,privilege_escalation,Elevation of user privileges,"multiple_queries,unusual_access,after_hours",0.86
2025-10-24T16:52:44.533519,EVT_000184,user_11,WRITE,meter_readings,10.3.169.83,normal_8776852,SE_0100,sensors,Zone_B,216.05,12.0,0.62,49.52,70.9,3.73,False,low,,,Normal operation,normal_pattern,0.98
2025-10-23T22:52:44.531229,EVT_000073,user_31,WRITE,device_status,10.3.202.77,normal_9223655,CO_0091,controllers,Zone_B,227.41,9.28,0.82,49.57,38.6,9.57,False,low,,,Normal operation,normal_pattern,0.93
2025-10-24T04:52:44.532182,EVT_000119,user_46,UPDATE,meter_readings,10.5.227.111,normal_4981393,CO_0023,controllers,Zone_D,225.91,14.12,0.96,49.93,20.9,2.28,False,low,,,Normal operation,normal_pattern,0.95
2025-10-24T07:52:44.530555,EVT_000041,user_26,WRITE,usage_patterns,10.3.78.51,normal_6189279,SM_0075,smart_meters,Zone_D,211.64,13.95,0.91,49.68,74.4,14.14,False,low,,,Normal operation,normal_pattern,0.92
2025-10-24T00:52:44.531538,EVT_000088,user_24,UPDATE,device_status,10.0.191.218,normal_1397979,CO_0078,controllers,Zone_A,243.5,16.75,0.77,50.42,39.3,1.05,False,medium,,,Normal operation,normal_pattern,0.93
2025-10-24T18:52:44.534426,EVT_000228,user_38,WRITE,device_status,10.0.105.12,normal_9051173,SM_0045,smart_meters,Zone_A,226.29,13.64,0.8,49.89,21.9,11.17,False,low,,,Normal operation,normal_pattern,0.92
2025-10-24T11:52:44.534752,EVT_000244,admin_002,ADMIN_WRITE,payment_info,192.168.251.108,suspicious_3922197,SE_0066,sensors,Unknown_Zone,202.96,21.52,0.78,50.14,49.6,4.02,True,critical,Data Exfiltration,data_exfiltration,Unauthorized data extraction,"multiple_queries,unusual_access,after_hours",0.84
2025-10-24T11:52:44.535330,EVT_000282,admin_002,ADMIN_WRITE,billing_records,192.168.226.55,suspicious_6231221,SE_0081,sensors,Dark_Web,209.09,1.41,0.79,50.36,53.3,11.0,True,critical,Malware Injection,malware_injection,Malicious code insertion,"multiple_queries,unusual_access,after_hours",0.85
2025-10-24T05:52:44.530238,EVT_000026,user_38,UPDATE,sensor_data,10.4.78.158,normal_8673626,TR_0041,transformers,Zone_B,242.32,6.13,0.8,50.25,77.0,5.23,False,medium,,,Normal operation,normal_pattern,0.93
2025-10-24T19:52:44.529954,EVT_000013,user_29,UPDATE,sensor_data,10.4.17.81,normal_9237227,TR_0033,transformers,Zone_B,227.08,15.85,0.94,49.93,39.7,0.8,False,low,,,Normal operation,normal_pattern,0.94
2025-10-24T08:52:44.529531,EVT_000000,user_27,WRITE,meter_readings,10.5.189.61,normal_2717097,TR_0058,transformers,Zone_B,211.41,7.78,0.92,50.47,71.6,6.2,False,low,,,Normal operation,normal_pattern,0.9
2025-10-24T10:52:44.535043,EVT_000263,admin_001,ADMIN_READ,payment_info,192.168.208.215,suspicious_6489644,TR_0026,transformers,Dark_Web,214.07,29.93,0.9,49.52,87.9,4.74,True,high,Privilege Escalation,privilege_escalation,Elevation of user privileges,"multiple_queries,unusual_access,after_hours",0.91
2025-10-24T06:52:44.534812,EVT_000248,contractor_ext,ADMIN_READ,scada_control,192.168.247.176,suspicious_5687946,SE_0070,sensors,VPN_Tunnel,226.44,3.44,0.7,50.26,93.7,10.59,True,critical,Malware Injection,malware_injection,Malicious code insertion,"multiple_queries,unusual_access,after_hours",0.79
2025-10-24T07:52:44.532259,EVT_000123,user_25,READ,sensor_data,10.5.146.169,normal_7684445,CO_0062,controllers,Zone_B,244.18,8.29,0.77,50.07,23.2,6.85,False,low,,,Normal operation,normal_pattern,0.95
2025-10-24T11:52:44.535117,EVT_000268,admin_001,ADMIN_READ,customer_pii,192.168.205.158,suspicious_5001334,CO_0043,controllers,VPN_Tunnel,257.33,5.14,0.81,50.3,58.5,7.01,True,critical,Unauthorized Access,unauthorized_access,Access without credentials,"multiple_queries,unusual_access,after_hours",0.77
2025-10-23T23:52:44.534767,EVT_000245,backdoor_user,ADMIN_WRITE,customer_pii,192.168.231.79,suspicious_6557050,CO_0068,controllers,External,245.35,10.99,0.69,50.3,92.7,11.41,True,critical,Unauthorized Access,unauthorized_access,Access without credentials,"multiple_queries,unusual_access,after_hours",0.76
2025-10-24T00:52:44.533866,EVT_000201,user_9,READ,meter_readings,10.3.77.21,normal_3722915,SE_0006,sensors,Zone_B,230.98,10.61,0.75,49.56,20.5,14.54,False,medium,,,Normal operation,normal_pattern,0.97
2025-10-24T18:52:44.531806,EVT_000101,user_17,UPDATE,device_status,10.2.179.51,normal_1183282,SM_0083,smart_meters,Zone_C,220.96,13.75,0.87,50.08,68.1,10.6,False,low,,,Normal operation,normal_pattern,0.93
2025-10-24T14:52:44.530534,EVT_000040,user_43,WRITE,sensor_data,10.4.124.161,normal_3070438,SE_0027,sensors,Zone_B,230.1,15.05,0.8,49.57,73.0,8.3,False,medium,,,Normal operation,normal_pattern,0.95
2025-10-23T23:52:44.532279,EVT_000124,user_33,WRITE,usage_patterns,10.5.41.255,normal_6486822,SM_0058,smart_meters,Zone_D,210.72,19.73,0.63,49.95,32.5,10.09,False,low,,,Normal operation,normal_pattern,0.96
2025-10-23T21:52:44.535072,EVT_000265,contractor_ext,ADMIN_READ,scada_control,192.168.237.139,suspicious_8645519,TR_0078,transformers,Unknown_Zone,239.13,17.37,0.82,50.29,67.0,1.72,True,critical,Privilege Escalation,privilege_escalation,Elevation of user privileges,"multiple_queries,unusual_access,after_hours",0.8
2025-10-24T07:52:44.535270,EVT_000278,backdoor_user,DELETE,customer_pii,192.168.206.49,suspicious_7734073,TR_0091,transformers,Dark_Web,182.28,2.8,0.63,50.09,27.3,13.73,True,critical,Data Exfiltration,data_exfiltration,Unauthorized data extraction,"multiple_queries,unusual_access,after_hours",0.78
2025-10-24T15:52:44.534100,EVT_000212,user_23,WRITE,device_status,10.0.56.5,normal_5949642,TR_0080,transformers,Zone_A,210.44,3.88,0.78,50.0,33.1,6.81,False,medium,,,Normal operation,normal_pattern,0.97
2025-10-24T04:52:44.530385,EVT_000033,user_34,UPDATE,usage_patterns,10.0.132.206,normal_4146569,SM_0026,smart_meters,Zone_C,224.59,0.69,0.94,50.35,71.8,3.57,False,low,,,Normal operation,normal_pattern,0.96
2025-10-23T23:52:44.534951,EVT_000257,admin_002,ADMIN_READ,customer_pii,192.168.233.181,suspicious_1828018,CO_0008,controllers,Dark_Web,209.64,14.78,0.68,49.82,46.7,7.77,True,high,DoS Attack,dos_attack,Denial of Service attack,"multiple_queries,unusual_access,after_hours",0.94
2025-10-24T14:52:44.535087,EVT_000266,contractor_ext,ADMIN_READ,scada_control,192.168.236.206,suspicious_5746176,CO_0061,controllers,VPN_Tunnel,253.66,1.65,0.94,49.93,34.1,2.7,True,critical,Unauthorized Access,unauthorized_access,Access without credentials,"multiple_queries,unusual_access,after_hours",0.76
2025-10-23T23:52:44.530727,EVT_000049,user_45,UPDATE,device_status,10.1.189.138,normal_1799952,CO_0067,controllers,Zone_A,224.97,15.79,0.91,49.96,31.5,5.25,False,medium,,,Normal operation,normal_pattern,0.9
2025-10-24T03:52:44.535680,EVT_000299,contractor_ext,ADMIN_WRITE,billing_records,192.168.205.53,suspicious_6816301,TR_0056,transformers,Unknown_Zone,218.51,22.56,0.75,49.62,68.3,8.98,True,critical,Malware Injection,malware_injection,Malicious code insertion,"multiple_queries,unusual_access,after_hours",0.77
2025-10-24T05:52:44.531867,EVT_000104,user_27,READ,meter_readings,10.2.230.174,normal_8928775,CO_0074,controllers,Zone_C,224.74,18.66,0.87,49.77,36.8,4.4,False,medium,,,Normal operation,normal_pattern,0.92
2025-10-23T20:52:44.534162,EVT_000215,user_11,READ,device_status,10.5.160.115,normal_8045640,SM_0016,smart_meters,Zone_B,220.9,12.89,0.86,49.55,78.5,12.44,False,low,,,Normal operation,normal_pattern,0.97
2025-10-24T04:52:44.530747,EVT_000050,user_47,WRITE,device_status,10.2.39.104,normal_2920187,TR_0078,transformers,Zone_D,218.67,11.53,0.93,49.63,27.1,6.57,False,low,,,Normal operation,normal_pattern,0.97
2025-10-23T20:52:44.529718,EVT_000003,user_40,READ,device_status,10.0.144.96,normal_4402105,TR_0060,transformers,Zone_B,239.16,13.15,0.77,50.47,65.9,1.96,False,medium,,,Normal operation,normal_pattern,0.93
2025-10-24T17:52:44.530768,EVT_000051,user_43,READ,meter_readings,10.0.153.15,normal_8651696,SE_0094,sensors,Zone_B,243.0,14.13,0.67,49.78,66.2,9.96,False,low,,,Normal operation,normal_pattern,0.97
2025-10-24T03:52:44.532350,EVT_000127,user_37,WRITE,meter_readings,10.2.1.5,normal_7925014,TR_0051,transformers,Zone_C,229.9,3.81,0.83,49.51,65.7,13.5,False,low,,,Normal operation,normal_pattern,0.98
2025-10-24T15:52:44.530218,EVT_000025,user_13,UPDATE,device_status,10.0.93.32,normal_4085396,CO_0080,controllers,Zone_B,239.29,13.85,0.68,49.99,72.4,12.68,False,low,,,Normal operation,normal_pattern,0.98
2025-10-24T16:52:44.534080,EVT_000211,user_34,READ,usage_patterns,10.4.112.215,normal_6334742,SM_0042,smart_meters,Zone_A,241.1,2.97,0.83,49.94,31.2,3.53,False,medium,,,Normal operation,normal_pattern,0.96
2025-10-24T07:52:44.534287,EVT_000221,user_31,READ,usage_patterns,10.3.154.148,normal_6826677,SE_0061,sensors,Zone_D,212.75,19.13,0.91,49.7,35.2,14.19,False,medium,,,Normal operation,normal_pattern,0.97
2025-10-24T07:52:44.531062,EVT_000065,user_37,WRITE,usage_patterns,10.2.119.160,normal_8650256,CO_0010,controllers,Zone_A,230.91,9.65,0.89,49.83,73.5,9.06,False,low,,,Normal operation,normal_pattern,0.9
2025-10-24T07:52:44.529612,EVT_000001,user_27,WRITE,meter_readings,10.5.80.158,normal_9393407,SE_0061,sensors,Zone_B,227.34,4.48,0.94,49.97,42.5,11.97,False,medium,,,Normal operation,normal_pattern,0.99
2025-10-24T12:52:44.530707,EVT_000048,user_1,READ,meter_readings,10.4.236.14,normal_6170804,SM_0012,smart_meters,Zone_B,218.5,17.39,0.91,50.3,55.6,2.49,False,low,,,Normal operation,normal_pattern,0.96
2025-10-24T09:52:44.531518,EVT_000087,user_45,UPDATE,device_status,10.4.91.240,normal_1547667,SM_0074,smart_meters,Zone_B,213.63,10.99,0.92,49.7,56.4,5.06,False,low,,,Normal operation,normal_pattern,0.9
2025-10-24T09:52:44.530620,EVT_000044,user_5,WRITE,meter_readings,10.0.20.112,normal_2750144,SM_0091,smart_meters,Zone_C,214.97,6.49,0.64,49.97,75.5,14.7,False,medium,,,Normal operation,normal_pattern,0.96
2025-10-24T16:52:44.534346,EVT_000224,user_38,READ,usage_patterns,10.1.142.230,normal_8044311,SE_0068,sensors,Zone_D,217.19,12.57,0.98,49.57,41.0,11.59,False,low,,,Normal operation,normal_pattern,0.93
2025-10-24T07:52:44.530956,EVT_000060,user_28,UPDATE,usage_patterns,10.0.187.139,normal_2059169,CO_0004,controllers,Zone_A,239.68,11.74,0.77,50.35,37.0,11.12,False,medium,,,Normal operation,normal_pattern,0.92
2025-10-23T23:52:44.535240,EVT_000276,contractor_ext,ADMIN_READ,scada_control,192.168.220.243,suspicious_1420432,SM_0079,smart_meters,Dark_Web,181.55,8.6,0.77,49.85,49.2,6.47,True,high,Data Exfiltration,data_exfiltration,Unauthorized data extraction,"multiple_queries,unusual_access,after_hours",0.82
2025-10-23T21:52:44.533047,EVT_000161,user_1,WRITE,device_status,10.4.42.171,normal_2705959,SE_0047,sensors,Zone_D,220.44,18.64,0.97,50.0,79.0,5.69,False,medium,,,Normal operation,normal_pattern,0.96
2025-10-24T18:52:44.532064,EVT_000113,user_28,READ,device_status,10.4.251.25,normal_1975993,CO_0062,controllers,Zone_D,230.71,19.18,0.77,50.36,26.5,0.96,False,medium,,,Normal operation,normal_pattern,0.96
2025-10-24T10:52:44.531083,EVT_000066,user_8,WRITE,meter_readings,10.3.27.20,normal_8946549,SM_0076,smart_meters,Zone_B,244.23,13.72,0.91,50.36,30.7,1.8,False,low,,,Normal operation,normal_pattern,0.94
2025-10-24T18:52:44.533479,EVT_000182,user_23,UPDATE,meter_readings,10.5.46.162,normal_4275825,SE_0075,sensors,Zone_B,225.18,8.08,0.94,49.77,23.5,6.58,False,low,,,Normal operation,normal_pattern,0.95
2025-10-24T18:52:44.531123,EVT_000068,user_15,WRITE,sensor_data,10.0.51.101,normal_1053218,CO_0023,controllers,Zone_D,235.28,16.07,0.63,50.11,22.8,13.41,False,low,,,Normal operation,normal_pattern,0.93
2025-10-24T02:52:44.533374,EVT_000177,user_36,WRITE,usage_patterns,10.0.119.141,normal_5272934,SM_0023,smart_meters,Zone_C,234.39,14.18,0.64,49.58,70.7,12.01,False,medium,,,Normal operation,normal_pattern,0.91
2025-10-24T05:52:44.529911,EVT_000011,user_41,READ,meter_readings,10.2.237.206,normal_7964850,TR_0077,transformers,Zone_A,210.59,3.4,0.72,50.08,39.6,7.07,False,medium,,,Normal operation,normal_pattern,0.92
2025-10-24T05:52:44.529745,EVT_000004,user_2,WRITE,sensor_data,10.1.214.112,normal_5455206,TR_0041,transformers,Zone_B,243.87,17.72,0.76,50.03,23.7,9.43,False,low,,,Normal operation,normal_pattern,0.99
2025-10-24T12:52:44.534446,EVT_000229,user_4,UPDATE,meter_readings,10.0.43.224,normal_3269450,SM_0064,smart_meters,Zone_C,224.81,2.64,0.98,49.79,57.2,4.0,False,medium,,,Normal operation,normal_pattern,0.93
2025-10-24T08:52:44.534936,EVT_000256,backdoor_user,ADMIN_READ,customer_pii,192.168.205.115,suspicious_9655654,SM_0075,smart_meters,Unknown_Zone,222.42,3.97,0.7,50.0,61.7,11.16,True,critical,Malware Injection,malware_injection,Malicious code insertion,"multiple_queries,unusual_access,after_hours",0.92
2025-10-24T06:52:44.533417,EVT_000179,user_19,UPDATE,sensor_data,10.4.129.164,normal_4836708,SE_0095,sensors,Zone_C,241.49,13.63,0.8,49.74,42.7,0.85,False,low,,,Normal operation,normal_pattern,0.94
2025-10-24T09:52:44.532473,EVT_000133,engineer_1,READ,device_status,10.4.224.183,normal_5597745,SE_0021,sensors,Zone_A,219.27,7.2,0.72,49.99,73.7,9.56,False,low,,,Normal operation,normal_pattern,0.92
2025-10-24T13:52:44.529979,EVT_000014,user_3,READ,meter_readings,10.1.68.47,normal_2876614,CO_0002,controllers,Zone_A,227.35,14.27,0.62,50.03,52.4,13.36,False,medium,,,Normal operation,normal_pattern,0.98
2025-10-24T19:52:44.533600,EVT_000188,user_38,WRITE,sensor_data,10.3.146.213,normal_8172685,TR_0050,transformers,Zone_A,243.25,19.5,0.67,50.39,78.0,1.24,False,medium,,,Normal operation,normal_pattern,0.98
2025-10-24T05:52:44.534998,EVT_000260,admin_002,ADMIN_READ,billing_records,192.168.200.193,suspicious_6724979,SM_0071,smart_meters,VPN_Tunnel,236.62,28.11,0.83,49.64,36.9,8.86,True,high,Malware Injection,malware_injection,Malicious code insertion,"multiple_queries,unusual_access,after_hours",0.81
2025-10-24T14:52:44.530300,EVT_000029,user_36,UPDATE,sensor_data,10.3.15.237,normal_4563246,TR_0090,transformers,Zone_D,214.92,2.15,0.63,49.52,44.4,13.92,False,low,,,Normal operation,normal_pattern,0.95
2025-10-23T20:52:44.533724,EVT_000194,user_4,READ,usage_patterns,10.1.226.242,normal_8580380,SE_0005,sensors,Zone_B,211.89,5.65,0.72,50.02,35.8,2.59,False,low,,,Normal operation,normal_pattern,0.98
2025-10-23T20:52:44.533957,EVT_000205,user_45,WRITE,usage_patterns,10.5.48.235,normal_8060777,CO_0008,controllers,Zone_D,225.74,18.59,0.69,50.18,41.5,8.62,False,low,,,Normal operation,normal_pattern,0.98
2025-10-24T18:52:44.530513,EVT_000039,user_36,READ,device_status,10.4.19.11,normal_3888500,TR_0085,transformers,Zone_C,242.84,4.15,0.92,49.87,65.8,4.62,False,low,,,Normal operation,normal_pattern,0.99
2025-10-24T08:52:44.534719,EVT_000242,temp_admin,ADMIN_WRITE,customer_pii,192.168.217.95,suspicious_1087861,SE_0065,sensors,VPN_Tunnel,237.05,26.67,0.63,49.5,23.6,4.12,True,high,Malware Injection,malware_injection,Malicious code insertion,"multiple_queries,unusual_access,after_hours",0.93
2025-10-24T19:52:44.534671,EVT_000240,contractor_ext,ADMIN_WRITE,customer_pii,192.168.254.188,suspicious_6992738,TR_0043,transformers,External,218.32,22.11,0.87,49.92,21.4,9.31,True,high,Malware Injection,malware_injection,Malicious code insertion,"multiple_queries,unusual_access,after_hours",0.93
2025-10-24T14:52:44.532700,EVT_000144,user_4,UPDATE,sensor_data,10.0.124.178,normal_2653532,SE_0084,sensors,Zone_C,229.02,9.89,0.94,50.48,32.5,7.89,False,medium,,,Normal operation,normal_pattern,0.94
2025-10-24T03:52:44.529933,EVT_000012,user_14,WRITE,device_status,10.0.128.164,normal_9419270,TR_0087,transformers,Zone_C,219.04,15.89,0.65,49.77,30.4,9.99,False,medium,,,Normal operation,normal_pattern,0.98
2025-10-24T11:52:44.533744,EVT_000195,user_31,WRITE,usage_patterns,10.3.215.141,normal_5203921,TR_0075,transformers,Zone_D,236.22,8.6,0.73,49.99,33.8,7.98,False,medium,,,Normal operation,normal_pattern,0.99
2025-10-24T05:52:44.534568,EVT_000235,user_37,UPDATE,device_status,10.1.172.220,normal_5226703,SM_0093,smart_meters,Zone_A,210.19,1.83,0.8,50.05,54.0,2.94,False,medium,,,Normal operation,normal_pattern,0.94
2025-10-24T13:52:44.535150,EVT_000270,temp_admin,DELETE,scada_control,192.168.237.73,suspicious_2576621,SM_0081,smart_meters,VPN_Tunnel,222.67,7.06,0.77,49.85,21.5,11.4,True,high,Unauthorized Access,unauthorized_access,Access without credentials,"multiple_queries,unusual_access,after_hours",0.93
2025-10-24T09:52:44.534737,EVT_000243,temp_admin,ADMIN_READ,scada_control,192.168.254.191,suspicious_1944549,TR_0025,transformers,VPN_Tunnel,188.49,10.19,0.74,49.95,72.8,3.0,True,high,Malware Injection,malware_injection,Malicious code insertion,"multiple_queries,unusual_access,after_hours",0.86
2025-10-23T22:52:44.532495,EVT_000134,user_40,READ,device_status,10.3.125.50,normal_6274530,SM_0031,smart_meters,Zone_C,242.32,14.45,0.68,49.84,34.4,10.64,False,low,,,Normal operation,normal_pattern,0.91
2025-10-24T02:52:44.532372,EVT_000128,user_46,UPDATE,meter_readings,10.5.31.2,normal_3642255,CO_0028,controllers,Zone_C,214.47,8.14,0.74,50.23,52.0,12.75,False,medium,,,Normal operation,normal_pattern,0.93
2025-10-24T15:52:44.535650,EVT_000297,contractor_ext,ADMIN_READ,payment_info,192.168.216.168,suspicious_1368334,SM_0002,smart_meters,VPN_Tunnel,222.75,5.25,0.64,50.43,70.4,11.3,True,high,Data Exfiltration,data_exfiltration,Unauthorized data extraction,"multiple_queries,unusual_access,after_hours",0.87
2025-10-24T11:52:44.530640,EVT_000045,user_44,WRITE,usage_patterns,10.4.236.90,normal_4020350,CO_0072,controllers,Zone_C,242.48,13.8,0.66,49.72,49.0,6.47,False,medium,,,Normal operation,normal_pattern,0.99
2025-10-24T04:52:44.532201,EVT_000120,user_43,READ,sensor_data,10.5.79.91,normal_2639658,CO_0041,controllers,Zone_A,232.33,19.91,0.98,49.68,39.3,11.41,False,low,,,Normal operation,normal_pattern,0.98
2025-10-24T06:52:44.533704,EVT_000193,user_16,WRITE,usage_patterns,10.3.99.178,normal_9482193,CO_0077,controllers,Zone_C,212.44,12.09,0.77,49.87,67.0,8.69,False,low,,,Normal operation,normal_pattern,0.95
2025-10-24T17:52:44.531939,EVT_000107,user_19,READ,sensor_data,10.4.170.26,normal_2716806,SE_0088,sensors,Zone_B,224.14,10.06,0.7,49.68,56.4,4.12,False,low,,,Normal operation,normal_pattern,0.92
2025-10-24T05:52:44.533826,EVT_000199,user_47,READ,device_status,10.1.94.85,normal_4208918,CO_0036,controllers,Zone_B,221.36,5.29,0.66,50.03,30.1,0.6,False,low,,,Normal operation,normal_pattern,0.98
2025-10-24T07:52:44.534876,EVT_000252,backdoor_user,DELETE,scada_control,192.168.239.17,suspicious_5579021,SM_0066,smart_meters,Dark_Web,259.04,10.31,0.72,49.6,32.5,14.68,True,critical,Unauthorized Access,unauthorized_access,Access without credentials,"multiple_queries,unusual_access,after_hours",0.81
2025-10-24T13:52:44.531706,EVT_000096,user_33,WRITE,device_status,10.2.97.244,normal_5898451,SM_0080,smart_meters,Zone_C,211.25,9.55,0.78,50.34,41.8,5.0,False,medium,,,Normal operation,normal_pattern,0.95
2025-10-24T14:52:44.531103,EVT_000067,user_1,READ,sensor_data,10.2.64.73,normal_5027423,SE_0036,sensors,Zone_D,213.65,0.99,0.84,49.8,32.9,6.19,False,low,,,Normal operation,normal_pattern,0.98
2025-10-23T19:52:44.533269,EVT_000172,user_49,WRITE,sensor_data,10.1.159.208,normal_5485598,SE_0083,sensors,Zone_B,237.34,17.28,0.92,50.02,33.5,2.49,False,medium,,,Normal operation,normal_pattern,0.91
2025-10-24T08:52:44.531766,EVT_000099,user_6,READ,sensor_data,10.0.26.165,normal_6622042,SM_0025,smart_meters,Zone_B,218.91,9.85,0.69,50.47,37.6,13.19,False,medium,,,Normal operation,normal_pattern,0.97
2025-10-24T15:52:44.533249,EVT_000171,user_31,UPDATE,sensor_data,10.3.187.89,normal_4806047,TR_0092,transformers,Zone_C,230.44,7.75,0.93,50.47,75.6,10.25,False,medium,,,Normal operation,normal_pattern,0.94
2025-10-23T23:52:44.533229,EVT_000170,user_15,WRITE,sensor_data,10.2.198.20,normal_3291666,TR_0054,transformers,Zone_A,231.85,10.06,0.79,50.21,60.4,14.99,False,low,,,Normal operation,normal_pattern,0.93
2025-10-24T03:52:44.532742,EVT_000146,user_49,WRITE,device_status,10.1.126.196,normal_2783632,TR_0036,transformers,Zone_A,235.58,0.63,0.69,50.33,31.3,1.24,False,low,,,Normal operation,normal_pattern,0.95
2025-10-24T06:52:44.530788,EVT_000052,user_44,WRITE,device_status,10.1.13.98,normal_6489464,CO_0093,controllers,Zone_C,219.97,3.18,0.95,49.97,34.6,6.93,False,medium,,,Normal operation,normal_pattern,0.94
2025-10-23T21:52:44.533027,EVT_000160,user_43,WRITE,device_status,10.4.202.32,normal_5851790,SE_0056,sensors,Zone_A,210.93,19.05,0.81,50.48,74.8,2.85,False,medium,,,Normal operation,normal_pattern,0.94
2025-10-24T05:52:44.531339,EVT_000078,user_47,READ,device_status,10.1.133.42,normal_6677957,TR_0002,transformers,Zone_B,239.94,6.14,0.9,49.97,74.3,2.97,False,low,,,Normal operation,normal_pattern,0.91
2025-10-23T22:52:44.532987,EVT_000158,user_15,WRITE,sensor_data,10.1.209.186,normal_8758417,SM_0077,smart_meters,Zone_A,224.26,6.48,0.78,49.65,22.6,12.42,False,medium,,,Normal operation,normal_pattern,0.92
2025-10-24T17:52:44.533289,EVT_000173,user_8,UPDATE,device_status,10.3.16.138,normal_7392194,SM_0084,smart_meters,Zone_B,243.23,5.89,0.74,49.83,36.2,4.2,False,medium,,,Normal operation,normal_pattern,0.96
2025-10-24T15:52:44.530685,EVT_000047,user_50,READ,meter_readings,10.1.85.108,normal_6847897,SM_0086,smart_meters,Zone_A,244.78,16.69,0.81,50.37,43.3,10.3,False,low,,,Normal operation,normal_pattern,0.91
